<?xml version="1.0" encoding="UTF-8" standalone="no"?>
<chatroom>
  <metadata>
    <user>User</user>
    <last_updated>2025-07-19 17:24:26</last_updated>
  </metadata>
  <messages>
    <message>
      <sender>SYSTEM</sender>
      <content>Chat telah dibersihkan pada 2025-07-19 16:19:39</content>
      <timestamp>2025-07-19 16:19:39</timestamp>
      <messageId>msg_1752916779589_83</messageId>
    </message>
    <message>
      <sender>User</sender>
      <content>halo</content>
      <timestamp>2025-07-19 17:10:49</timestamp>
      <messageId>msg_1752919849851_488</messageId>
    </message>
    <message>
      <sender>SYSTEM</sender>
      <content>&#128197; JANJI TEMU DIBUAT
━━━━━━━━━━━━━━━━━━━━━━━━━━
&#128203; Judul: oi
&#128221; Deskripsi: oooo
&#128197; Tanggal: 15/08/2025
⏰ Waktu: 16:00
&#128205; Lokasi: rumah
&#127919; Prioritas: &#128993; Normal
&#128100; Dibuat oleh: User
&#128336; Dibuat pada: 2025-07-19 17:23:39</content>
      <timestamp>2025-07-19 17:23:39</timestamp>
      <messageId>msg_1752920619242_736</messageId>
    </message>
  </messages>
</chatroom>
